data_type,mean(ds),std_dev(ds),corr(ds),rank_corr(ds),mean(bs),std_dev(bs),corr(bs),rank_corr(bs),mean(nli_contrast_ent),std_dev(nli_contrast_ent),corr(nli_contrast_ent),rank_corr(nli_contrast_ent),mean(nli_contrast_neut),std_dev(nli_contrast_neut),corr(nli_contrast_neut),rank_corr(nli_contrast_neut),mean(nli_contrast_cont),std_dev(nli_contrast_cont),corr(nli_contrast_cont),rank_corr(nli_contrast_cont),mean(nli_contrast_agg),std_dev(nli_contrast_agg),corr(nli_contrast_agg),rank_corr(nli_contrast_agg)
base,72.40833382698067,3.144058455254632,1.0,0.9999999999999999,76.57508877083332,5.3765948721819585,1.0,1.0,10.055185134577512,8.803490459892261,1.0,0.9999999999999998,54.275059536907634,12.253535470750107,0.9999999999999999,1.0,35.669755328514846,12.223815029418308,0.9999999999999999,0.9999999999999999,89.94481486542247,8.803490459892261,1.0,1.0
paraphrase,73.0025042351495,2.867159553385593,0.5355659892872535,0.5606788784115895,76.004346075,5.905715555938192,0.8300043421623968,0.840318938680477,10.63237542258175,8.037585910457189,0.5104234527687297,0.6851169305594622,53.40955630738235,13.504769704224682,0.66568962807723,0.7149975119000687,35.95806827003589,14.064384718737134,0.7483569605127368,0.7803473125118776,89.36762457741823,8.037585910457189,0.5104234527687297,0.6851169305594625
