data_type,mean(ds),std_dev(ds),corr(ds),rank_corr(ds),mean(bs),std_dev(bs),corr(bs),rank_corr(bs),mean(nli_contrast_ent),std_dev(nli_contrast_ent),corr(nli_contrast_ent),rank_corr(nli_contrast_ent),mean(nli_contrast_neut),std_dev(nli_contrast_neut),corr(nli_contrast_neut),rank_corr(nli_contrast_neut),mean(nli_contrast_cont),std_dev(nli_contrast_cont),corr(nli_contrast_cont),rank_corr(nli_contrast_cont),mean(nli_contrast_agg),std_dev(nli_contrast_agg),corr(nli_contrast_agg),rank_corr(nli_contrast_agg),mean(nli_factuality),std_dev(nli_factuality),corr(nli_factuality),rank_corr(nli_factuality)
base,73.15807097665368,2.941942432048906,0.9999999999999998,1.0,28.364069892857145,4.500114202964467,0.9999999999999998,1.0,4.295030322214631,5.601216383662909,1.0,1.0,87.46687790746037,7.4744167804250905,1.0,0.9999999999999999,8.238091770324973,5.196540860012092,1.0,1.0,91.40993935557073,11.202432767325819,1.0,1.0,60.71427580356151,23.2129374140128,1.0,0.9999999999999999
paraphrase,76.03740096794387,2.0516150095319605,0.20911454965227771,0.3020942791674046,24.412405892857144,4.678093392150339,0.42692939244663375,0.4920360474880926,3.6078880020206534,4.104871467008761,0.4115635346006906,0.12222575929685951,83.91062324863346,9.377382603401953,0.4659184232137969,0.4037534618480786,12.481488749345889,8.345334109381804,0.5138394080570019,0.5078321158771746,92.78422399595868,8.209742934017521,0.4115635346006906,0.12222575929685969,0.0,0.0,,
selfparaphrase,53.84404631383993,4.504612252031654,-0.08976464148877941,-0.1159073445666873,61.39551942857144,5.661983477546006,0.06403940886699507,0.1340182140639165,16.94074900419971,2.903375313454664,0.017198867333037195,-0.02052564241528144,76.32793568715964,8.706901093512709,0.28332877087325486,0.34425021340316797,6.731315308640643,7.700027335400945,0.37528220323107114,0.4264590947961058,66.11850199160057,5.8067506269093245,0.017198867333037195,-0.02052564241528171,0.0,0.0,,
