data_type,mean(ds),std_dev(ds),corr(ds),rank_corr(ds),mean(bs),std_dev(bs),corr(bs),rank_corr(bs),mean(nli_contrast_ent),std_dev(nli_contrast_ent),corr(nli_contrast_ent),rank_corr(nli_contrast_ent),mean(nli_contrast_neut),std_dev(nli_contrast_neut),corr(nli_contrast_neut),rank_corr(nli_contrast_neut),mean(nli_contrast_cont),std_dev(nli_contrast_cont),corr(nli_contrast_cont),rank_corr(nli_contrast_cont),mean(nli_contrast_agg),std_dev(nli_contrast_agg),corr(nli_contrast_agg),rank_corr(nli_contrast_agg),mean(nli_factuality),std_dev(nli_factuality),corr(nli_factuality),rank_corr(nli_factuality)
base,72.40833382698067,3.144058455254632,1.0,0.9999999999999999,23.416735541666664,5.29210960986132,1.0,1.0,2.680212127814531,1.5077785523322804,1.0,1.0,70.41604371845762,15.350569416469492,0.9999999999999999,1.0,7.095213004402738,4.756993497100154,1.0,1.0,74.83104459504581,12.498995146024518,1.0,1.0,42.4394449433149,23.698418537022718,1.0,1.0
paraphrase,76.19346694701927,3.067347475409203,0.3889054741302495,0.40447728443258274,18.852871322916666,7.41257087936854,0.8131784628745116,0.8221785312338081,3.735320746177704,2.50485062585271,0.32685627442466353,0.2994630586655309,64.72628321433469,19.24772529652658,0.5453286221270636,0.5912133740614883,9.322001004426529,6.5185762543821255,0.8105731654363872,0.7934465154726789,70.31296347258352,14.84264240564852,0.4312852800694746,0.4387599400544755,0.0,0.0,,
selfparaphrase,52.71935074940944,5.371990727268906,-0.19659140251845417,-0.1263047267574496,59.31736452083334,5.481162666163848,0.33098132870169344,0.26026052621730805,13.128044234439562,3.0464891463912673,0.1820451584889275,0.2271434907186224,6.481561735894005,6.077336951003526,0.06174177990098208,0.026960161938379367,6.38869827994586,5.109803584992305,0.5321320017368649,0.4131225149518465,-0.25778421859969236,7.143724292390149,-0.15154146765089016,-0.18749533860429304,0.0,0.0,,
