data_type,mean(ds),rank_corr(ds),mean(bs),rank_corr(bs),mean(nli_contrast_ent),rank_corr(nli_contrast_ent),mean(nli_contrast_neut),rank_corr(nli_contrast_neut),mean(nli_contrast_cont),rank_corr(nli_contrast_cont),mean(nli_contrast_agg),rank_corr(nli_contrast_agg),experiment_name
base,70.94704247975034,1.0,74.31855104166668,1.0,15.715145127921843,1.0,33.794548581301484,1.0,50.490306290776665,1.0,84.28485487207814,1.0,20230619_214546_paraphrase_x-01
similarity,61.97790297371585,0.141844677852463,62.870003625,0.0448915862676676,43.367369725677385,0.3768361116170228,19.80224066961348,0.1274913530125871,36.830389604709126,0.4630211544842221,56.632630274322615,0.3768361116170229,20230619_214546_paraphrase_x-01
selfparaphrase,53.02113415638902,0.2801345430221722,35.186182458333334,-0.0075288821160215,73.98178803554111,0.340790921310716,1.541990132162167,-0.0371164392384585,24.47622183229672,0.4892374579866199,26.018211964458885,0.340790921310716,20230619_214546_paraphrase_x-01
paraphrase,72.40211791406993,0.5699480612657464,75.88338358333333,0.6399126633608134,16.318882826938502,0.6560732034493627,33.90577153322084,0.6976347115530074,49.77534563984065,0.766369430903536,83.68111717306148,0.6560732034493626,20230619_214546_paraphrase_x-01
paraphrase_a,72.95010202956276,0.7103818135730233,75.79976416666666,0.8056883565461601,15.909458577506806,0.7814475146027314,33.68694021133632,0.706931780202162,50.40360121115688,0.8401597187597009,84.09054142249319,0.7814475146027315,20230619_214546_paraphrase_x-01
paraphrase_b,72.85064716472503,0.6708633719528003,75.70349231249999,0.7713691102318225,15.62231111290709,0.8650433772342994,35.60142130494609,0.8365286703936999,48.77626758214681,0.8278942995838082,84.3776888870929,0.8650433772342991,20230619_214546_paraphrase_x-01
negation,25.664613024825982,0.2801193184854398,34.97048464583333,0.4436656755625539,1.873234569151751,0.1160227993276344,0.0,,98.12676543084824,0.0135986492695794,98.12676543084824,0.1160227993276346,20230619_214546_paraphrase_x-01
