data_type,mean(ds),rank_corr(ds),mean(bs),rank_corr(bs),mean(nli_contrast_ent),rank_corr(nli_contrast_ent),mean(nli_contrast_neut),rank_corr(nli_contrast_neut),mean(nli_contrast_cont),rank_corr(nli_contrast_cont),mean(nli_contrast_agg),rank_corr(nli_contrast_agg),experiment_name
base,69.80167519030176,1.0,79.60724232291666,1.0,11.027344927724329,1.0,28.513727019736013,1.0,60.458928052539655,1.0,88.97265507227569,1.0,20230615_001948_rewrite-agg-code
similarity,55.38348358159326,0.3167225775910703,63.85253033333333,0.2317099843864142,23.31736087009662,0.2979369210814129,6.853020512017859,0.0511524841163449,69.82961861788552,0.2621362852961821,76.6826391299034,0.2979369210814129,20230615_001948_rewrite-agg-code
selfparaphrase,45.41454122378718,0.2409218157105451,34.95007597916667,-0.0698732577717536,36.56593449509043,0.3400167600888836,0.4856700147629871,-0.025982364325703,62.948395490146574,0.4006911197690506,63.434065504909576,0.3400167600888839,20230615_001948_rewrite-agg-code
paraphrase,71.47002481159281,0.5196857483133628,81.33789397916667,0.7310161823145316,12.394342946227887,0.734431145578514,28.011220585598977,0.6612354680918983,59.59443646817312,0.7312536659698963,87.6056570537721,0.7344311455785142,20230615_001948_rewrite-agg-code
negation,25.664613024825982,0.1249665622027155,34.97048464583333,-0.1370728341527534,0.1225490196078431,-0.1328566035778381,0.0,,99.87745098039215,0.0452266202515477,99.87745098039215,-0.1328566035778381,20230615_001948_rewrite-agg-code
