data_type,mean(ds),std_dev(ds),corr(ds),rank_corr(ds),mean(bs),std_dev(bs),corr(bs),rank_corr(bs),mean(nli_contrast_ent),std_dev(nli_contrast_ent),corr(nli_contrast_ent),rank_corr(nli_contrast_ent),mean(nli_contrast_neut),std_dev(nli_contrast_neut),corr(nli_contrast_neut),rank_corr(nli_contrast_neut),mean(nli_contrast_cont),std_dev(nli_contrast_cont),corr(nli_contrast_cont),rank_corr(nli_contrast_cont),mean(nli_contrast_agg),std_dev(nli_contrast_agg),corr(nli_contrast_agg),rank_corr(nli_contrast_agg)
base,70.94704247975034,3.862838746101238,1.0,1.0,74.31855104166668,4.141724538568742,1.0,1.0,11.411912938320304,11.455787684200784,1.0,1.0,33.794548581301484,15.662883053580071,1.0,1.0,54.79353848037821,19.028058259285565,1.0,1.0,88.5880870616797,11.455787684200786,1.0,1.0
selfparaphrase,53.02113415638902,4.289946580352456,0.3413575054857137,0.2801345430221722,35.186182458333334,5.992791500775782,0.0031480677377333914,-0.0075288821160215125,55.892354389621886,24.07344152924211,0.3659203574329385,0.3767790707947889,1.541990132162167,2.5221041644511724,0.06475207615170546,-0.037116439238458525,42.56565547821594,24.334048540327053,0.4614674667136268,0.5008376517056332,44.107645610378114,24.073441529242114,0.3659203574329385,0.37677907079478873
