data_type,mean(ds),std_dev(ds),corr(ds),rank_corr(ds),mean(bs),std_dev(bs),corr(bs),rank_corr(bs),mean(nli_contrast_ent),std_dev(nli_contrast_ent),corr(nli_contrast_ent),rank_corr(nli_contrast_ent),mean(nli_contrast_neut),std_dev(nli_contrast_neut),corr(nli_contrast_neut),rank_corr(nli_contrast_neut),mean(nli_contrast_cont),std_dev(nli_contrast_cont),corr(nli_contrast_cont),rank_corr(nli_contrast_cont),mean(nli_contrast_agg),std_dev(nli_contrast_agg),corr(nli_contrast_agg),rank_corr(nli_contrast_agg)
base,70.94704247975034,3.862838746101238,1.0,1.0,74.31855104166668,4.141724538568742,1.0,1.0,11.411912938320304,11.455787684200784,1.0,1.0,33.794548581301484,15.662883053580071,1.0,1.0,54.79353848037821,19.028058259285565,1.0,1.0,88.5880870616797,11.455787684200786,1.0,1.0
similarity,61.97790297371585,3.990274295802204,0.12120718666883788,0.14184467785246307,62.870003625,4.4793107684252735,0.02811550151975684,0.04489158626766767,32.081431543682385,15.70319790872792,0.4186925074405789,0.51603206104287,19.80224066961348,10.548804544215471,0.06852737114353848,0.1274913530125871,48.116327786704126,21.36800931130681,0.419835519672086,0.4602672827357885,67.9185684563176,15.70319790872792,0.4186925074405789,0.5160320610428697
