data_type,mean(ds),std_dev(ds),corr(ds),rank_corr(ds),mean(bs),std_dev(bs),corr(bs),rank_corr(bs),mean(nli_contrast_ent),std_dev(nli_contrast_ent),corr(nli_contrast_ent),rank_corr(nli_contrast_ent),mean(nli_contrast_neut),std_dev(nli_contrast_neut),corr(nli_contrast_neut),rank_corr(nli_contrast_neut),mean(nli_contrast_cont),std_dev(nli_contrast_cont),corr(nli_contrast_cont),rank_corr(nli_contrast_cont),mean(nli_contrast_agg),std_dev(nli_contrast_agg),corr(nli_contrast_agg),rank_corr(nli_contrast_agg)
base,73.55873761257803,3.184667547731619,1.0,1.0,72.45918077083333,5.017579302814608,1.0,1.0,4.6874551102492275,7.424521477750158,1.0,0.9999999999999999,50.92766474151923,23.123561847330382,1.0,1.0,44.38488014823154,24.047063913382285,1.0,1.0,95.31254488975078,7.424521477750158,1.0,1.0
selfparaphrase,54.62561782695576,3.7478177515044755,0.15318225002249258,0.2313714681662163,27.011766062499998,4.551610687651398,0.18986105080330004,0.23063486422457963,84.95701058201058,19.716803026727995,0.08235447619409782,0.15823911636034702,0.11574074074074063,0.793478541713083,-0.1843558084445203,-0.1410246492476106,14.927248677248675,19.46067862980005,0.4356065751112559,0.4235926781342331,15.042989417989418,19.716803026727995,0.08235447619409782,0.15823911636034707
