data_type,mean(ds),std_dev(ds),corr(ds),rank_corr(ds),mean(bs),std_dev(bs),corr(bs),rank_corr(bs),mean(nli_contrast_ent),std_dev(nli_contrast_ent),corr(nli_contrast_ent),rank_corr(nli_contrast_ent),mean(nli_contrast_neut),std_dev(nli_contrast_neut),corr(nli_contrast_neut),rank_corr(nli_contrast_neut),mean(nli_contrast_cont),std_dev(nli_contrast_cont),corr(nli_contrast_cont),rank_corr(nli_contrast_cont),mean(nli_contrast_agg),std_dev(nli_contrast_agg),corr(nli_contrast_agg),rank_corr(nli_contrast_agg),mean(nli_factuality),std_dev(nli_factuality),corr(nli_factuality),rank_corr(nli_factuality)
base,73.15807097665368,2.941942432048906,0.9999999999999998,1.0,28.364069892857145,4.500114202964467,0.9999999999999998,1.0,3.5363802881745174,4.6986851064599575,1.0,1.0,82.71850001195074,7.764745612141468,0.9999999999999998,1.0,6.524997344219584,4.3622524017487505,1.0,1.0,85.7071170679958,10.476342848049851,0.9999999999999998,1.0,60.71427580356151,23.2129374140128,1.0,0.9999999999999999
paraphrase,76.03740096794387,2.0516150095319605,0.20911454965227771,0.3020942791674046,24.412405892857144,4.678093392150339,0.42692939244663375,0.4920360474880926,2.6658044268260297,3.02860662276951,0.4824948844322358,0.1629685241063054,78.62473824475288,9.837686367998415,0.571975916803503,0.4850326559089313,9.912803191065212,6.474992603091867,0.5151929920613195,0.47655921257790884,85.87173700899207,7.805930753232164,0.5446086480569239,0.20499947954284936,0.0,0.0,,
selfparaphrase,53.84404631383993,4.504612252031654,-0.08976464148877941,-0.1159073445666873,61.39551942857144,5.661983477546006,0.06403940886699507,0.1340182140639165,15.601803506198365,2.9877498185902436,0.04647379538578945,0.00951565037097815,71.9365717098754,9.818398757478215,0.24575807334428024,0.35468096411239075,5.071355263134527,5.897019954441667,0.39916798577862356,0.38547307284114185,61.40612346681156,7.132941555340408,0.031746031746031744,0.08235004658394596,0.0,0.0,,
