data_type,mean(ds),std_dev(ds),corr(ds),rank_corr(ds),mean(bs),std_dev(bs),corr(bs),rank_corr(bs),mean(nli_contrast_ent),std_dev(nli_contrast_ent),corr(nli_contrast_ent),rank_corr(nli_contrast_ent),mean(nli_contrast_neut),std_dev(nli_contrast_neut),corr(nli_contrast_neut),rank_corr(nli_contrast_neut),mean(nli_contrast_cont),std_dev(nli_contrast_cont),corr(nli_contrast_cont),rank_corr(nli_contrast_cont),mean(nli_contrast_agg),std_dev(nli_contrast_agg),corr(nli_contrast_agg),rank_corr(nli_contrast_agg),mean(nli_factuality),std_dev(nli_factuality),corr(nli_factuality),rank_corr(nli_factuality)
base,72.40833382698067,3.144058455254632,1.0,0.9999999999999999,23.416735541666664,5.29210960986132,1.0,1.0,0.9294347414917145,1.4756644090260942,0.9999999999999999,1.0,86.21058136984963,7.307333436298979,1.0,1.0,6.6383148406067995,5.11043077748324,1.0,1.0,91.91946146896471,4.475068751521936,1.0,1.0,42.4394449433149,23.698418537022718,1.0,1.0
paraphrase,76.19346694701927,3.067347475409203,0.3889054741302495,0.40447728443258274,18.852871322916666,7.41257087936854,0.8131784628745116,0.8221785312338081,1.5498545235741163,2.6956238601273244,0.36459058665359984,0.27248814658670606,79.66685435408574,11.876770869220529,0.6021493703864526,0.6315922057259689,10.783293849149103,9.134699988725401,0.6602995844552665,0.6344780593053039,88.90029367966072,7.290778258975327,0.42379504993486755,0.35583854235006535,0.0,0.0,,
selfparaphrase,52.71935074940944,5.371990727268906,-0.19659140251845417,-0.1263047267574496,59.31736452083334,5.481162666163848,0.33098132870169344,0.26026052621730805,14.419407254061666,4.695837778756331,0.06404926745372236,0.20490982030065608,71.8942104039555,10.446952876236157,0.3321754233608337,0.34548936035499495,6.531237237322252,6.648666622457894,0.46184253484737364,0.37344728745365013,64.00604038721609,9.820408410816047,0.05720798957881025,0.1945247504328735,0.0,0.0,,
