data_type,mean(ds),std_dev(ds),corr(ds),rank_corr(ds),mean(bs),std_dev(bs),corr(bs),rank_corr(bs),mean(nli_contrast_ent),std_dev(nli_contrast_ent),corr(nli_contrast_ent),rank_corr(nli_contrast_ent),mean(nli_contrast_neut),std_dev(nli_contrast_neut),corr(nli_contrast_neut),rank_corr(nli_contrast_neut),mean(nli_contrast_cont),std_dev(nli_contrast_cont),corr(nli_contrast_cont),rank_corr(nli_contrast_cont),mean(nli_contrast_agg),std_dev(nli_contrast_agg),corr(nli_contrast_agg),rank_corr(nli_contrast_agg)
base,72.40833382698067,3.144058455254632,1.0,0.9999999999999999,23.424911229166664,5.376594872181959,1.0,1.0,13.786879133405987,15.403574018911756,1.0,0.9999999999999999,48.78164902649289,19.102945576881858,1.0,1.0,37.43147184010112,17.608437728925875,1.0,1.0,72.42624173318802,30.807148037823517,1.0,0.9999999999999999
paraphrase,73.0025042351495,2.867159553385593,0.5355659892872535,0.5606788784115895,23.995653925,5.905715555938192,0.8300043421623968,0.8403189386804775,11.207127442936724,10.057233902474024,0.5116823710001605,0.5649521978335792,49.80643261355498,15.839474264563487,0.5431448659746335,0.5374948047845032,38.98643994350829,17.184288758506383,0.7101327328150107,0.6829670088841373,77.58574511412654,20.11446780494805,0.5116823710001605,0.5649521978335793
