data_type,mean(ds),std_dev(ds),corr(ds),rank_corr(ds),mean(bs),std_dev(bs),corr(bs),rank_corr(bs),mean(nli_contrast_ent),std_dev(nli_contrast_ent),corr(nli_contrast_ent),rank_corr(nli_contrast_ent),mean(nli_contrast_neut),std_dev(nli_contrast_neut),corr(nli_contrast_neut),rank_corr(nli_contrast_neut),mean(nli_contrast_cont),std_dev(nli_contrast_cont),corr(nli_contrast_cont),rank_corr(nli_contrast_cont),mean(nli_contrast_agg),std_dev(nli_contrast_agg),corr(nli_contrast_agg),rank_corr(nli_contrast_agg)
base,70.94704247975034,3.862838746101238,1.0,1.0,74.31855104166668,4.141724538568742,1.0,1.0,20.555458238120895,15.171823567091073,1.0,1.0,33.794548581301484,15.662883053580071,1.0,1.0,45.64999318057762,18.090789530837537,1.0,1.0,79.44454176187911,15.171823567091073,1.0,1.0
negation,25.664613024825986,5.726831397245192,0.3093958638658199,0.2801193184854398,34.97048464583333,5.83109359520429,0.40197568389057753,0.4436656755625539,8.836106954334506,10.036876492911233,0.025603726644250476,0.11195675610745294,0.0,0.0,,,91.16389304566549,10.036876492911233,-0.1731357027403427,-0.07685388676089959,91.16389304566549,10.036876492911235,0.025603726644250476,0.11195675610745277
