data_type,mean(ds),std_dev(ds),corr(ds),rank_corr(ds),mean(bs),std_dev(bs),corr(bs),rank_corr(bs),mean(nli_contrast_ent),std_dev(nli_contrast_ent),corr(nli_contrast_ent),rank_corr(nli_contrast_ent),mean(nli_contrast_neut),std_dev(nli_contrast_neut),corr(nli_contrast_neut),rank_corr(nli_contrast_neut),mean(nli_contrast_cont),std_dev(nli_contrast_cont),corr(nli_contrast_cont),rank_corr(nli_contrast_cont),mean(nli_contrast_agg),std_dev(nli_contrast_agg),corr(nli_contrast_agg),rank_corr(nli_contrast_agg)
base,71.11591251814959,2.942005042629966,0.9999999999999999,1.0,73.56650710000001,3.6448282841441886,0.9999999999999999,1.0,11.462592866789226,10.127589838626944,0.9999999999999999,1.0,21.82694103655327,7.669016779971824,0.9999999999999999,1.0,66.71046609665748,12.643458665605293,0.9999999999999999,1.0,88.53740713321079,10.127589838626943,0.9999999999999999,1.0
negation,29.30364704882414,8.893521216565578,0.4424242424242424,0.37644362425501143,39.7892851,8.838124970273531,0.5393939393939393,0.603804202269711,0.0,0.0,,,0.0,0.0,,,100.0,0.0,,,100.0,0.0,,
