data_type,mean(ds),std_dev(ds),corr(ds),rank_corr(ds),mean(bs),std_dev(bs),corr(bs),rank_corr(bs),mean(nli_contrast_ent),std_dev(nli_contrast_ent),corr(nli_contrast_ent),rank_corr(nli_contrast_ent),mean(nli_contrast_neut),std_dev(nli_contrast_neut),corr(nli_contrast_neut),rank_corr(nli_contrast_neut),mean(nli_contrast_cont),std_dev(nli_contrast_cont),corr(nli_contrast_cont),rank_corr(nli_contrast_cont),mean(nli_contrast_agg),std_dev(nli_contrast_agg),corr(nli_contrast_agg),rank_corr(nli_contrast_agg)
base,69.80167519030176,3.8670268359282853,1.0,1.0,79.60724232291666,5.779851006675362,1.0,1.0,13.986200350464225,13.63601682538583,1.0,1.0,28.513727019736013,14.654030824000738,0.9999999999999999,1.0,57.50007262979975,18.10475911269698,0.9999999999999999,1.0,86.01379964953577,13.63601682538583,1.0,1.0
paraphrase,71.47002481159281,3.078889337200134,0.499796455797814,0.5196857483133628,81.33789397916667,4.976137758669377,0.775184541901867,0.7310161823145316,15.653800587737885,13.071728398880673,0.43217776242004147,0.6688434466189933,28.011220585598977,17.138614889920177,0.584566515474372,0.6612354680918983,56.33497882666313,21.4829868088705,0.6333505310921822,0.7191071477593852,84.34619941226212,13.071728398880671,0.43217776242004147,0.6688434466189935
