data_type,mean(ds),std_dev(ds),corr(ds),rank_corr(ds),mean(bs),std_dev(bs),corr(bs),rank_corr(bs),mean(nli_contrast_ent),std_dev(nli_contrast_ent),corr(nli_contrast_ent),rank_corr(nli_contrast_ent),mean(nli_contrast_neut),std_dev(nli_contrast_neut),corr(nli_contrast_neut),rank_corr(nli_contrast_neut),mean(nli_contrast_cont),std_dev(nli_contrast_cont),corr(nli_contrast_cont),rank_corr(nli_contrast_cont),mean(nli_contrast_agg),std_dev(nli_contrast_agg),corr(nli_contrast_agg),rank_corr(nli_contrast_agg)
base,69.80167519030176,3.8670268359282853,1.0,1.0,79.60724232291666,5.779851006675362,1.0,1.0,13.986200350464225,13.63601682538583,1.0,1.0,28.513727019736013,14.654030824000738,0.9999999999999999,1.0,57.50007262979975,18.10475911269698,0.9999999999999999,1.0,86.01379964953577,13.63601682538583,1.0,1.0
negation,25.664613024825986,5.726831397245192,0.17000027145512092,0.12496656220271558,34.97048464583333,5.83109359520429,-0.2156969170646982,-0.13707283415275348,0.6748520863023568,1.6977509052851503,-0.12262838663991292,-0.12475157039378083,0.0,0.0,,,99.32514791369765,1.6977509052851514,-0.10855515588610455,-0.1461102504865568,99.32514791369765,1.6977509052851512,-0.12262838663991292,-0.12475157039378093
