data_type,mean(ds),std_dev(ds),corr(ds),rank_corr(ds),mean(bs),std_dev(bs),corr(bs),rank_corr(bs),mean(nli_contrast_ent),std_dev(nli_contrast_ent),corr(nli_contrast_ent),rank_corr(nli_contrast_ent),mean(nli_contrast_neut),std_dev(nli_contrast_neut),corr(nli_contrast_neut),rank_corr(nli_contrast_neut),mean(nli_contrast_cont),std_dev(nli_contrast_cont),corr(nli_contrast_cont),rank_corr(nli_contrast_cont),mean(nli_contrast_agg),std_dev(nli_contrast_agg),corr(nli_contrast_agg),rank_corr(nli_contrast_agg)
base,69.80167519030176,3.8670268359282853,1.0,1.0,79.60724232291666,5.779851006675362,1.0,1.0,11.027344927724329,12.107065293028272,0.9999999999999999,1.0,28.513727019736013,14.654030824000738,0.9999999999999999,1.0,60.458928052539655,18.126340216084994,1.0,1.0,88.97265507227569,12.107065293028272,0.9999999999999999,0.9999999999999999
negation,25.664613024825986,5.726831397245192,0.17000027145512092,0.12496656220271558,34.97048464583333,5.83109359520429,-0.2156969170646982,-0.13707283415275348,0.12254901960784313,0.8401537500491476,-0.21620060581826836,-0.1328566035778381,0.0,0.0,,,99.87745098039215,0.8401537500491487,0.10530899137955044,0.045226620251547715,99.87745098039215,0.8401537500491487,-0.21620060581826836,-0.13285660357783813
