data_type,mean(ds),std_dev(ds),corr(ds),rank_corr(ds),mean(bs),std_dev(bs),corr(bs),rank_corr(bs),mean(nli_contrast_ent),std_dev(nli_contrast_ent),corr(nli_contrast_ent),rank_corr(nli_contrast_ent),mean(nli_contrast_neut),std_dev(nli_contrast_neut),corr(nli_contrast_neut),rank_corr(nli_contrast_neut),mean(nli_contrast_cont),std_dev(nli_contrast_cont),corr(nli_contrast_cont),rank_corr(nli_contrast_cont),mean(nli_contrast_agg),std_dev(nli_contrast_agg),corr(nli_contrast_agg),rank_corr(nli_contrast_agg)
base,69.80167519030176,3.8670268359282853,1.0,1.0,79.60724232291666,5.779851006675362,1.0,1.0,10.055185134577512,8.803490459892261,1.0,0.9999999999999998,54.275059536907634,12.253535470750107,0.9999999999999999,1.0,35.669755328514846,12.223815029418308,0.9999999999999999,0.9999999999999999,89.94481486542247,8.803490459892261,1.0,1.0
selfparaphrase,45.41454122378718,3.6992437579981154,0.22992373878796046,0.24092181571054516,34.95007597916667,4.780874843569169,0.030937907077724706,-0.06987325777175368,45.582805591807336,23.555386030093594,0.4897405305161815,0.45098312666337576,1.6154675384143362,1.7527438550510597,0.006915415067241507,0.014860442573814059,52.80172686977832,23.94096970440743,0.26485681030501446,0.38584446490351737,54.417194408192664,23.55538603009359,0.4897405305161815,0.45098312666337576
