data_type,mean(ds),std_dev(ds),corr(ds),rank_corr(ds),mean(bs),std_dev(bs),corr(bs),rank_corr(bs),mean(nli_contrast_ent),std_dev(nli_contrast_ent),corr(nli_contrast_ent),rank_corr(nli_contrast_ent),mean(nli_contrast_neut),std_dev(nli_contrast_neut),corr(nli_contrast_neut),rank_corr(nli_contrast_neut),mean(nli_contrast_cont),std_dev(nli_contrast_cont),corr(nli_contrast_cont),rank_corr(nli_contrast_cont),mean(nli_contrast_agg),std_dev(nli_contrast_agg),corr(nli_contrast_agg),rank_corr(nli_contrast_agg)
base,70.94704247975034,3.862838746101238,1.0,1.0,74.31855104166668,4.141724538568742,1.0,1.0,9.539763288622273,10.637229876796649,1.0,1.0,33.794548581301484,15.662883053580071,1.0,1.0,56.66568813007624,18.9607932727609,1.0,0.9999999999999998,90.46023671137773,10.637229876796649,1.0,0.9999999999999999
similarity,61.97790297371585,3.990274295802204,0.12120718666883788,0.14184467785246307,62.870003625,4.4793107684252735,0.02811550151975684,0.04489158626766767,27.836184606421025,15.11792301605117,0.4529660728055877,0.5793953253052111,19.80224066961348,10.548804544215471,0.06852737114353848,0.1274913530125871,52.3615747239655,21.060518539516323,0.3822307892909877,0.43421258248571415,72.16381539357896,15.117923016051167,0.4529660728055877,0.5793953253052113
