data_type,mean(ds),std_dev(ds),corr(ds),rank_corr(ds),mean(bs),std_dev(bs),corr(bs),rank_corr(bs),mean(nli_contrast_ent),std_dev(nli_contrast_ent),corr(nli_contrast_ent),rank_corr(nli_contrast_ent),mean(nli_contrast_neut),std_dev(nli_contrast_neut),corr(nli_contrast_neut),rank_corr(nli_contrast_neut),mean(nli_contrast_cont),std_dev(nli_contrast_cont),corr(nli_contrast_cont),rank_corr(nli_contrast_cont),mean(nli_contrast_agg),std_dev(nli_contrast_agg),corr(nli_contrast_agg),rank_corr(nli_contrast_agg)
base,72.40833382698067,3.144058455254632,1.0,0.9999999999999999,76.57508877083332,5.3765948721819585,1.0,1.0,11.038936587215545,9.285843855974443,1.0,1.0,54.275059536907634,12.253535470750107,0.9999999999999999,1.0,34.686003875876814,12.235177609590712,1.0,0.9999999999999999,88.96106341278444,9.285843855974441,1.0,0.9999999999999998
negation,25.664613024825986,5.726831397245192,-0.01557793036641753,-0.010101574105245575,34.97048504166667,5.831093485672241,0.0668693009118541,0.05943369389790747,0.6748520863023568,1.6977509052851503,-0.17197650068327863,-0.07281132256816365,0.0,0.0,,,99.32514791369765,1.6977509052851514,-0.15053465019197304,-0.19640051365414882,99.32514791369765,1.6977509052851512,-0.17197650068327863,-0.07281132256816378
