data_type,mean(ds),std_dev(ds),corr(ds),rank_corr(ds),mean(bs),std_dev(bs),corr(bs),rank_corr(bs),mean(nli_contrast_ent),std_dev(nli_contrast_ent),corr(nli_contrast_ent),rank_corr(nli_contrast_ent),mean(nli_contrast_neut),std_dev(nli_contrast_neut),corr(nli_contrast_neut),rank_corr(nli_contrast_neut),mean(nli_contrast_cont),std_dev(nli_contrast_cont),corr(nli_contrast_cont),rank_corr(nli_contrast_cont),mean(nli_contrast_agg),std_dev(nli_contrast_agg),corr(nli_contrast_agg),rank_corr(nli_contrast_agg)
base,71.11591251814959,2.942005042629966,0.9999999999999999,1.0,73.56650710000001,3.6448282841441886,0.9999999999999999,1.0,16.69757258334789,13.323092709257317,0.9999999999999999,1.0,21.82694103655327,7.669016779971824,0.9999999999999999,1.0,61.475486380098836,14.890288757461837,0.9999999999999999,1.0,83.30242741665211,13.323092709257317,0.9999999999999999,1.0
negation,29.30364704882414,8.893521216565578,0.4424242424242424,0.37644362425501143,39.7892851,8.838124970273531,0.5393939393939393,0.603804202269711,0.5756578947368419,1.156590361299287,-0.21624970671153415,-0.19307870275029007,0.0,0.0,,,99.42434210526315,1.1565903612992876,0.14704980056384323,0.06050426032622072,99.42434210526315,1.1565903612992876,-0.21624970671153415,-0.19307870275028968
