data_type,mean(ds),std_dev(ds),corr(ds),rank_corr(ds),mean(bs),std_dev(bs),corr(bs),rank_corr(bs),mean(nli_contrast_ent),std_dev(nli_contrast_ent),corr(nli_contrast_ent),rank_corr(nli_contrast_ent),mean(nli_contrast_neut),std_dev(nli_contrast_neut),corr(nli_contrast_neut),rank_corr(nli_contrast_neut),mean(nli_contrast_cont),std_dev(nli_contrast_cont),corr(nli_contrast_cont),rank_corr(nli_contrast_cont),mean(nli_contrast_agg),std_dev(nli_contrast_agg),corr(nli_contrast_agg),rank_corr(nli_contrast_agg)
base,72.40833382698067,3.144058455254632,1.0,0.9999999999999999,76.57508877083332,5.3765948721819585,1.0,1.0,13.986200350464225,13.63601682538583,1.0,1.0,28.513727019736013,14.654030824000738,0.9999999999999999,1.0,57.50007262979975,18.10475911269698,0.9999999999999999,1.0,86.01379964953577,13.63601682538583,1.0,1.0
selfparaphrase,45.41454122378718,3.6992437579981154,0.07598990422642697,0.0707093660446654,34.95007597916667,4.780874843569169,0.19724272687798522,0.16557474291198834,62.232707217679064,23.813337929890544,0.3877148338715824,0.385324748374484,0.4856700147629871,0.955101577469996,-0.024481208844324684,-0.025982364325703056,37.28162276755794,23.93851067194573,0.3962484414477471,0.4609956608165442,37.767292782320936,23.813337929890544,0.3877148338715824,0.3853247483744841
