data_type,mean(ds),std_dev(ds),corr(ds),rank_corr(ds),mean(bs),std_dev(bs),corr(bs),rank_corr(bs),mean(nli_contrast_ent),std_dev(nli_contrast_ent),corr(nli_contrast_ent),rank_corr(nli_contrast_ent),mean(nli_contrast_neut),std_dev(nli_contrast_neut),corr(nli_contrast_neut),rank_corr(nli_contrast_neut),mean(nli_contrast_cont),std_dev(nli_contrast_cont),corr(nli_contrast_cont),rank_corr(nli_contrast_cont),mean(nli_contrast_agg),std_dev(nli_contrast_agg),corr(nli_contrast_agg),rank_corr(nli_contrast_agg),mean(nli_factuality),std_dev(nli_factuality),corr(nli_factuality),rank_corr(nli_factuality)
base,73.15807097665368,2.941942432048906,0.9999999999999998,1.0,28.364069892857145,4.500114202964467,0.9999999999999998,1.0,4.65989142136268,2.8558605365377407,0.9999999999999998,1.0,62.24453374006946,16.98685289190465,1.0,0.9999999999999998,7.13305746553803,4.224801842044502,0.9999999999999998,1.0,64.71769978424479,16.799339465930178,0.9999999999999998,1.0,60.71427580356151,23.2129374140128,1.0,0.9999999999999999
paraphrase,76.03740096794387,2.0516150095319605,0.20911454965227771,0.3020942791674046,24.412405892857144,4.678093392150339,0.42692939244663375,0.4920360474880926,4.867459575155998,2.4526596571070796,0.5402298850574713,0.2855463941136744,59.664987789987784,18.20636420599322,0.5015107442541522,0.46194245613045865,8.384338400505687,4.715311950791392,0.6026272577996716,0.5837036212103532,63.18186661533748,16.1889217130339,0.41598248494800216,0.3907235326668988,0.0,0.0,,
selfparaphrase,53.84404631383993,4.504612252031654,-0.08976464148877941,-0.1159073445666873,61.39551942857144,5.661983477546006,0.06403940886699507,0.1340182140639165,14.297389826838835,2.5709437043713947,0.05309250136836344,-0.0650048726433946,10.738988409128831,7.896745723702631,0.3300710880263773,0.3745951853532324,5.547642383921958,5.548975508343933,0.45265462506841814,0.35885123885242126,1.9892409662119588,7.720213825267966,0.10016420361247948,0.06993645060373863,0.0,0.0,,
