data_type,mean(ds),std_dev(ds),corr(ds),rank_corr(ds),mean(bs),std_dev(bs),corr(bs),rank_corr(bs),mean(nli_contrast_ent),std_dev(nli_contrast_ent),corr(nli_contrast_ent),rank_corr(nli_contrast_ent),mean(nli_contrast_neut),std_dev(nli_contrast_neut),corr(nli_contrast_neut),rank_corr(nli_contrast_neut),mean(nli_contrast_cont),std_dev(nli_contrast_cont),corr(nli_contrast_cont),rank_corr(nli_contrast_cont),mean(nli_contrast_agg),std_dev(nli_contrast_agg),corr(nli_contrast_agg),rank_corr(nli_contrast_agg)
base,72.40833382698067,3.144058455254632,1.0,0.9999999999999999,76.57508877083332,5.3765948721819585,1.0,1.0,11.038936587215545,9.285843855974443,1.0,1.0,54.275059536907634,12.253535470750107,0.9999999999999999,1.0,34.686003875876814,12.235177609590712,1.0,0.9999999999999999,88.96106341278444,9.285843855974441,1.0,0.9999999999999998
selfparaphrase,45.41454122378718,3.6992437579981154,0.07598990422642697,0.0707093660446654,34.95007597916667,4.780874843569169,0.19724272687798522,0.16557474291198834,55.29358583751656,22.63683799673972,0.43052954570976393,0.47248356180210216,1.6154675384143362,1.7527438550510597,0.006915415067241507,0.014860442573814059,43.09094662406911,23.00955479107371,0.31187232377103147,0.4020309537077032,44.70641416248344,22.636837996739718,0.43052954570976393,0.47248356180210216
