data_type,mean(ds),std_dev(ds),corr(ds),rank_corr(ds),mean(bs),std_dev(bs),corr(bs),rank_corr(bs),mean(nli_contrast_ent),std_dev(nli_contrast_ent),corr(nli_contrast_ent),rank_corr(nli_contrast_ent),mean(nli_contrast_neut),std_dev(nli_contrast_neut),corr(nli_contrast_neut),rank_corr(nli_contrast_neut),mean(nli_contrast_cont),std_dev(nli_contrast_cont),corr(nli_contrast_cont),rank_corr(nli_contrast_cont),mean(nli_contrast_agg),std_dev(nli_contrast_agg),corr(nli_contrast_agg),rank_corr(nli_contrast_agg)
base,71.11591251814959,2.942005042629966,0.9999999999999999,1.0,73.56650710000001,3.6448282841441886,0.9999999999999999,1.0,12.466845398502915,8.070477046821242,0.9999999999999999,1.0,50.1047089888509,8.889261757066794,0.9999999999999999,0.9999999999999998,37.42844561264617,10.19655809405703,0.9999999999999999,1.0,87.53315460149709,8.070477046821242,0.9999999999999999,1.0
negation,29.30364704882414,8.893521216565578,0.4424242424242424,0.37644362425501143,39.7892851,8.838124970273531,0.5393939393939393,0.603804202269711,0.5756578947368419,1.156590361299287,-0.2335496832484569,-0.210219986592454,0.0,0.0,,,99.42434210526315,1.1565903612992876,0.14704980056384323,0.019251591576998135,99.42434210526315,1.1565903612992876,-0.2335496832484569,-0.21021998659245367
