data_type,mean(ds),std_dev(ds),corr(ds),rank_corr(ds),mean(bs),std_dev(bs),corr(bs),rank_corr(bs),mean(nli_contrast_ent),std_dev(nli_contrast_ent),corr(nli_contrast_ent),rank_corr(nli_contrast_ent),mean(nli_contrast_neut),std_dev(nli_contrast_neut),corr(nli_contrast_neut),rank_corr(nli_contrast_neut),mean(nli_contrast_cont),std_dev(nli_contrast_cont),corr(nli_contrast_cont),rank_corr(nli_contrast_cont),mean(nli_contrast_agg),std_dev(nli_contrast_agg),corr(nli_contrast_agg),rank_corr(nli_contrast_agg)
base,70.94704247975034,3.862838746101238,1.0,1.0,74.31855483333334,4.141726182327595,1.0,1.0,11.411912938320304,11.455787684200784,1.0,1.0,33.794548581301484,15.662883053580071,1.0,1.0,54.79353848037821,19.028058259285565,1.0,1.0,88.5880870616797,11.455787684200786,1.0,1.0
paraphrase,72.40211791406993,3.2194899727375406,0.45062013206271195,0.5699480612657464,75.88338833333333,3.289829450357156,0.5343030829353018,0.6399128596312964,11.053522055005468,9.446944767432916,0.4706340175141602,0.6572601384801972,33.905771533220836,18.163287413507486,0.6651281847362938,0.6976347115530074,55.04070641177369,22.10062163437146,0.7144214329061647,0.7480611606363834,88.94647794499453,9.446944767432916,0.4706340175141602,0.6572601384801974
