data_type,mean(ds),std_dev(ds),corr(ds),rank_corr(ds),mean(bs),std_dev(bs),corr(bs),rank_corr(bs),mean(nli_contrast_ent),std_dev(nli_contrast_ent),corr(nli_contrast_ent),rank_corr(nli_contrast_ent),mean(nli_contrast_neut),std_dev(nli_contrast_neut),corr(nli_contrast_neut),rank_corr(nli_contrast_neut),mean(nli_contrast_cont),std_dev(nli_contrast_cont),corr(nli_contrast_cont),rank_corr(nli_contrast_cont),mean(nli_contrast_agg),std_dev(nli_contrast_agg),corr(nli_contrast_agg),rank_corr(nli_contrast_agg)
base,73.55873761257803,3.184667547731619,1.0,1.0,72.45918077083333,5.017579302814608,1.0,1.0,15.715145127921843,13.412842952027237,0.9999999999999999,0.9999999999999999,33.794548581301484,15.662883053580071,1.0,1.0,50.490306290776665,19.342968684601033,1.0,1.0,84.28485487207814,13.412842952027237,0.9999999999999999,1.0
negation,44.522648674730135,5.651201496153041,0.2514180259834355,0.25254601199721655,50.634354645833334,6.060473580660251,0.3379287885366913,0.43616092043836713,1.873234569151751,2.6398567909532837,0.02077265559248462,0.11602279932763448,0.0,0.0,,,98.12676543084825,2.6398567909532837,0.11562649446108013,0.013598649269579481,98.12676543084825,2.6398567909532846,0.02077265559248462,0.11602279932763461
