data_type,mean(ds),std_dev(ds),corr(ds),rank_corr(ds),mean(bs),std_dev(bs),corr(bs),rank_corr(bs),mean(nli_contrast_ent),std_dev(nli_contrast_ent),corr(nli_contrast_ent),rank_corr(nli_contrast_ent),mean(nli_contrast_neut),std_dev(nli_contrast_neut),corr(nli_contrast_neut),rank_corr(nli_contrast_neut),mean(nli_contrast_cont),std_dev(nli_contrast_cont),corr(nli_contrast_cont),rank_corr(nli_contrast_cont),mean(nli_contrast_agg),std_dev(nli_contrast_agg),corr(nli_contrast_agg),rank_corr(nli_contrast_agg)
base,73.55873761257803,3.184667547731619,1.0,1.0,72.45918077083333,5.017579302814608,1.0,1.0,15.715145127921843,13.412842952027237,0.9999999999999999,0.9999999999999999,33.794548581301484,15.662883053580071,1.0,1.0,50.490306290776665,19.342968684601033,1.0,1.0,84.28485487207814,13.412842952027237,0.9999999999999999,1.0
similarity,64.61577717398812,3.85462055086706,0.35569668349345923,0.3519314505140381,59.33187125,5.3446612681264165,0.21602257924446375,0.2402875609361226,43.367369725677385,14.90544150258553,0.2871156682747569,0.3768361116170228,19.80224066961348,10.548804544215471,0.06852737114353848,0.1274913530125871,36.830389604709126,20.221783157442157,0.42147840501997597,0.46302115448422215,56.632630274322615,14.905441502585528,0.2871156682747569,0.37683611161702296
