data_type,mean(ds),std_dev(ds),corr(ds),rank_corr(ds),mean(bs),std_dev(bs),corr(bs),rank_corr(bs),mean(nli_contrast_ent),std_dev(nli_contrast_ent),corr(nli_contrast_ent),rank_corr(nli_contrast_ent),mean(nli_contrast_neut),std_dev(nli_contrast_neut),corr(nli_contrast_neut),rank_corr(nli_contrast_neut),mean(nli_contrast_cont),std_dev(nli_contrast_cont),corr(nli_contrast_cont),rank_corr(nli_contrast_cont),mean(nli_contrast_agg),std_dev(nli_contrast_agg),corr(nli_contrast_agg),rank_corr(nli_contrast_agg),mean(nli_factuality),std_dev(nli_factuality),corr(nli_factuality),rank_corr(nli_factuality)
base,73.15807097665368,2.941942432048906,0.9999999999999998,1.0,28.364069892857145,4.500114202964467,0.9999999999999998,1.0,3.1444423631923613,3.8317603466445833,0.9999999999999999,0.9999999999999999,84.32460892282322,12.559627567504114,1.0,1.0,12.530948713984426,12.293326603295952,1.0,1.0,93.71111527361526,7.66352069328917,0.9999999999999999,1.0,-18.84239768168339,21.341310343896232,1.0,1.0
paraphrase,76.03740096794387,2.0516150095319605,0.20911454965227771,0.3020942791674046,24.412405892857144,4.678093392150339,0.42692939244663375,0.4920360474880926,8.431330574187713,5.3857730398767325,0.25648348007173366,0.5383906169145568,81.70170107670107,9.50466306533166,0.31963254310971206,0.24457988305626516,9.866968349111206,9.16132905350444,0.5057285228014757,0.35891632460201667,83.13733885162456,10.771546079753469,0.25648348007173366,0.5383906169145574,0.0,0.0,,
selfparaphrase,53.84404631383993,4.504612252031654,-0.08976464148877941,-0.1159073445666873,61.39551942857144,5.661983477546006,0.06403940886699507,0.1340182140639165,30.386441266790115,16.73528942491974,0.07511496285993843,-0.01786633056289213,63.90704603366312,20.121300642872004,0.26638407469861664,0.39863943318869777,5.706512699546755,13.599887683098578,0.20652645922814442,0.47298913380122115,39.22711746641976,33.47057884983947,0.07511496285993843,-0.017866330562891948,0.0,0.0,,
