data_type,mean(ds),std_dev(ds),corr(ds),rank_corr(ds),mean(bs),std_dev(bs),corr(bs),rank_corr(bs),mean(nli_contrast_ent),std_dev(nli_contrast_ent),corr(nli_contrast_ent),rank_corr(nli_contrast_ent),mean(nli_contrast_neut),std_dev(nli_contrast_neut),corr(nli_contrast_neut),rank_corr(nli_contrast_neut),mean(nli_contrast_cont),std_dev(nli_contrast_cont),corr(nli_contrast_cont),rank_corr(nli_contrast_cont),mean(nli_contrast_agg),std_dev(nli_contrast_agg),corr(nli_contrast_agg),rank_corr(nli_contrast_agg),mean(nli_factuality),std_dev(nli_factuality),corr(nli_factuality),rank_corr(nli_factuality)
base,72.40833382698067,3.144058455254632,1.0,0.9999999999999999,23.416735541666664,5.29210960986132,1.0,1.0,1.737600102175372,3.9825996697082604,1.0,1.0,86.96279317481908,12.908073759119567,0.9999999999999999,0.9999999999999999,11.29960672300552,12.158222929257807,0.9999999999999999,1.0,96.52479979564926,7.965199339416522,1.0,1.0,-17.343583864965442,24.532454310834535,0.9999999999999999,1.0
paraphrase,76.19346694701927,3.067347475409203,0.3889054741302495,0.40447728443258274,18.852871322916666,7.41257087936854,0.8131784628745116,0.8221785312338081,3.114114235437764,4.544294588974906,-0.03117425212474808,-0.12080445075532646,86.75716593455564,11.368820913845457,0.6888104689607738,0.6976361782701601,10.128719830006593,10.314453532264475,0.6985852473052916,0.717044754751062,93.77177152912446,9.088589177949812,-0.03117425212474808,-0.12080445075532648,0.0,0.0,,
selfparaphrase,52.71935074940944,5.371990727268906,-0.19659140251845417,-0.1263047267574496,59.31736452083334,5.481162666163848,0.33098132870169344,0.26026052621730805,40.01310537163767,21.294188870944627,0.2681527372365225,0.38014047737613693,56.29435595418602,20.59011531608157,0.17315017062809565,0.2296755247235271,3.692538674176301,11.273761947296185,0.3060053347752138,0.37813720132127987,19.973789256724654,42.58837774188925,0.2681527372365225,0.38014047737613665,0.0,0.0,,
