data_type,mean(ds),std_dev(ds),corr(ds),rank_corr(ds),mean(bs),std_dev(bs),corr(bs),rank_corr(bs),mean(nli_contrast_ent),std_dev(nli_contrast_ent),corr(nli_contrast_ent),rank_corr(nli_contrast_ent),mean(nli_contrast_neut),std_dev(nli_contrast_neut),corr(nli_contrast_neut),rank_corr(nli_contrast_neut),mean(nli_contrast_cont),std_dev(nli_contrast_cont),corr(nli_contrast_cont),rank_corr(nli_contrast_cont),mean(nli_contrast_agg),std_dev(nli_contrast_agg),corr(nli_contrast_agg),rank_corr(nli_contrast_agg)
base,69.80167519030176,3.8670268359282853,1.0,1.0,79.60724232291666,5.779851006675362,1.0,1.0,27.284763541926896,16.971292880612296,1.0,1.0,28.513727019736013,14.654030824000738,0.9999999999999999,1.0,44.20150943833709,16.843610253636722,1.0,0.9999999999999998,72.7152364580731,16.971292880612292,1.0,0.9999999999999998
paraphrase,71.47002481159281,3.078889337200134,0.499796455797814,0.5196857483133628,81.33789397916667,4.976137758669377,0.775184541901867,0.7310161823145316,29.940950349533864,16.032269737569152,0.5250413965397042,0.5512499035560694,28.011220585598977,17.138614889920177,0.584566515474372,0.6612354680918983,42.04782906486715,19.73128139855423,0.5928509399680187,0.635369801204057,70.05904965046614,16.032269737569152,0.5250413965397042,0.5512499035560696
