data_type,mean(ds),std_dev(ds),corr(ds),rank_corr(ds),mean(bs),std_dev(bs),corr(bs),rank_corr(bs),mean(nli_contrast_ent),std_dev(nli_contrast_ent),corr(nli_contrast_ent),rank_corr(nli_contrast_ent),mean(nli_contrast_neut),std_dev(nli_contrast_neut),corr(nli_contrast_neut),rank_corr(nli_contrast_neut),mean(nli_contrast_cont),std_dev(nli_contrast_cont),corr(nli_contrast_cont),rank_corr(nli_contrast_cont),mean(nli_contrast_agg),std_dev(nli_contrast_agg),corr(nli_contrast_agg),rank_corr(nli_contrast_agg)
base,69.80167519030176,3.8670268359282853,1.0,1.0,79.60724232291666,5.779851006675362,1.0,1.0,27.284763541926896,16.971292880612296,1.0,1.0,28.513727019736013,14.654030824000738,0.9999999999999999,1.0,44.20150943833709,16.843610253636722,1.0,0.9999999999999998,72.7152364580731,16.971292880612292,1.0,0.9999999999999998
negation,25.664613024825986,5.726831397245192,0.17000027145512092,0.12496656220271558,34.97048464583333,5.83109359520429,-0.2156969170646982,-0.13707283415275348,8.836106954334506,10.036876492911233,-0.02521833469526381,0.08425397738254,0.0,0.0,,,91.16389304566549,10.036876492911233,-0.22061469045295512,-0.09750177850270417,91.16389304566549,10.036876492911235,-0.02521833469526381,0.0842539773825399
