data_type,mean(ds),std_dev(ds),corr(ds),rank_corr(ds),mean(bs),std_dev(bs),corr(bs),rank_corr(bs),mean(nli_contrast_ent),std_dev(nli_contrast_ent),corr(nli_contrast_ent),rank_corr(nli_contrast_ent),mean(nli_contrast_neut),std_dev(nli_contrast_neut),corr(nli_contrast_neut),rank_corr(nli_contrast_neut),mean(nli_contrast_cont),std_dev(nli_contrast_cont),corr(nli_contrast_cont),rank_corr(nli_contrast_cont),mean(nli_contrast_agg),std_dev(nli_contrast_agg),corr(nli_contrast_agg),rank_corr(nli_contrast_agg),mean(nli_factuality),std_dev(nli_factuality),corr(nli_factuality),rank_corr(nli_factuality)
base,73.15807097665368,2.941942432048906,0.9999999999999998,1.0,28.364069892857145,4.500114202964467,0.9999999999999998,1.0,4.058846696323444,1.9997012647305343,0.9999999999999998,1.0,78.74778449615962,7.44141784011475,0.9999999999999998,0.9999999999999999,7.924170150291347,4.330598956457897,0.9999999999999998,1.0,82.61310795012751,5.729518858314471,0.9999999999999998,1.0,60.71427580356151,23.2129374140128,1.0,0.9999999999999999
paraphrase,76.03740096794387,2.0516150095319605,0.20911454965227771,0.3020942791674046,24.412405892857144,4.678093392150339,0.42692939244663375,0.4920360474880926,4.295876507876463,1.960193041873818,0.5161466885604816,0.3632724340418895,77.08801077917657,8.105417383113856,0.5692391899288451,0.5304759672215322,8.811972126604648,4.705092777170385,0.6091954022988505,0.6044916671347946,81.60410639790477,6.021005455882246,0.3918992884510125,0.3814726872159536,0.0,0.0,,
selfparaphrase,53.84404631383993,4.504612252031654,-0.08976464148877941,-0.1159073445666873,61.39551942857144,5.661983477546006,0.06403940886699507,0.1340182140639165,14.20964758801225,2.5422580298046293,0.08319649698960044,-0.050070309375068775,65.42845972666393,10.005526989229827,0.24247400109469072,0.29447059089581284,5.565493560189152,5.5443540143630194,0.38368910782703886,0.32194974409692856,56.78430569884083,7.751658483305902,0.13409961685823754,0.06288376660587973,0.0,0.0,,
